"sistema";"fase";"codigo";"ruta";"ambito";"titulo";"encaje_modelo";"premisa";"audiencia";"senal_entrada";"oferta";"canales";"embudo";"metrica_norte";"regla_decision";"activos";"cualificacion";"evidencia";"limites"
"Servicios jurídicos";"Ahora";"A";"Conseguir la cuenta";"RedVitalia → empresa";"Cuenta fundadora: un sistema separado para Segunda Oportunidad, Herencias o Divorcios";"75";"La primera venta es el sistema de RedVitalia a la empresa. Se entra con un diagnóstico específico, no con una presentación genérica de agencia.";"Despachos con área concursal, sucesoria o de familia, decisor accesible y capacidad semanal para consultas nuevas.";"La especialidad existe, pero la web, la compra de tráfico y el intake mezclan asuntos con economías distintas.";"Auditoría de demanda, filtro jurídico, tiempo de respuesta y devolución de asunto aceptado al origen.";"Teléfono | Email | LinkedIn | Referencia";"Lista con señal verificable → Apertura sectorial → Diagnóstico con decisor → Economía y capacidad → Piloto condicionado";"Diagnósticos B2B celebrados con decisor, datos y siguiente decisión.";"Avanzar solo cuando dolor, capacidad, economía, medición y decisor alcanzan el umbral del closer.";"Lista de cuentas con fuente | Guion por señal | Diagnóstico y scorecard | Plan de piloto con dependencias";"Existe una prioridad concreta y no solo curiosidad. | Hay capacidad operativa y responsable comercial. | Acepta medir consulta asistida, asunto aceptado y valor económico registrado.";"Registro verificable desde búsqueda hasta consulta y asunto aceptado; no basta con contar formularios. | Notas que separan dato, hipótesis y pendiente de confirmar.";"No prometer sentencias, plazos judiciales ni cancelación de deuda; revisión jurídica y humana obligatoria. | No inventar clientes, resultados, precios ni personalización."
"Servicios jurídicos";"Ahora";"B";"Capturar intención";"Empresa → oportunidad";"Tres intenciones jurídicas sin mezclarlas";"80";"Búsquedas explícitas sobre deuda, herencia bloqueada o divorcio complejo, cada una con landing, negativas y conversión propia.";"Personas o empresas que ya expresan el problema y buscan resolverlo ahora.";"Señal de entrada: Rama, provincia, complejidad, urgencia, capacidad de consulta y criterio de asunto aceptable.";"Captación y cualificación hasta consulta asistida, asunto aceptado y valor económico registrado.";"Google Search | remarketing educativo";"Intención específica → Anuncio por problema → Landing y filtro → Respuesta dentro del SLA → Resultado offline";"consulta asistida, asunto aceptado y valor económico registrado";"Escalar únicamente cuando la conversión final y la capacidad sostienen la economía; el volumen de formularios no decide.";"Mapa de términos y negativas | Landing específica | Formulario de cualificación | Importación del resultado final";"Rama, provincia, complejidad, urgencia, capacidad de consulta y criterio de asunto aceptable. | Zona, capacidad y exclusiones aplicadas antes de optimizar. | Consentimiento y dato de contacto válidos.";"Registro verificable desde búsqueda hasta consulta y asunto aceptado; no basta con contar formularios. | Consultas, llamadas y resultados trazados por campaña y término.";"No prometer sentencias, plazos judiciales ni cancelación de deuda; revisión jurídica y humana obligatoria. | No escalar por CPL si cae la calidad o la contribución."
"Servicios jurídicos";"Ahora";"C";"Crear demanda";"Mercado → interés";"Autoridad antes de la urgencia";"80";"Explicar proceso, documentación y errores evitables para construir confianza antes de que la persona elija despacho.";"Mercado relevante que reconoce parte del problema, pero aún no ha decidido actuar o comparar proveedores.";"Interacción con contenido útil, prueba autorizada o explicación del proceso.";"Educación y prueba que conducen a una conversación cualificada sobre un sistema separado para Segunda Oportunidad, Herencias o Divorcios.";"Meta Ads | vídeo corto propuesto | contenido | remarketing";"Problema reconocible → Contenido o caso → Interacción de calidad → Remarketing por objeción → Conversación cualificada";"Conversaciones cualificadas asistidas por contenido, no clics ni reproducciones aisladas.";"Mantener si incrementa conversación válida o reduce fricción sin degradar la economía de la ruta de intención.";"Guías por problema, mapas de proceso, preguntas frecuentes revisadas y piezas de autoridad del profesional. | Matriz de objeciones | Secuencia de remarketing | Prueba y permisos documentados";"La pieza corresponde a un subsegmento prioritario. | La acción final exige los mismos filtros que la ruta de intención. | La frecuencia y la exclusión se revisan por audiencia.";"Patrones creativos clasificados como copiar, adaptar, probar o descartar. | Registro verificable desde búsqueda hasta consulta y asunto aceptado; no basta con contar formularios.";"No prometer sentencias, plazos judiciales ni cancelación de deuda; revisión jurídica y humana obligatoria. | No convertir una hipótesis creativa en un caso o testimonio ficticio."
"Servicios jurídicos";"Ahora";"D";"Expandir la cuenta";"Resultado → crecimiento";"Abrir una segunda rama solo con señal";"84";"Replicar infraestructura y aprendizaje sin compartir campañas, economía ni promesas entre especialidades.";"Cuenta activa con capacidad, disciplina de datos y una primera combinación ya validada.";"Existe señal estable de consulta asistida, asunto aceptado y valor económico registrado y la operación cumple el SLA.";"Revisión de crecimiento basada en contribución, saturación, capacidad y aprendizaje transferible.";"Revisión mensual | experimentos | nueva zona | nuevo subsegmento";"Resultado offline → Cohorte por origen → Cuello de botella → Experimento limitado → Escala o rollback";"Contribución incremental con SLA y calidad estables.";"Escalar una combinación cada vez; pausar si empeoran margen, calidad, capacidad o trazabilidad.";"Dashboard de resultado final | Informe win/loss | Backlog de experimentos | Plan mutuo de expansión";"La primera ruta deja contribución defendible. | La empresa mantiene capacidad y velocidad de respuesta. | Existe una sola variable de expansión y un rollback claro.";"Registro verificable desde búsqueda hasta consulta y asunto aceptado; no basta con contar formularios. | Comparación antes/después con ventana, fuente y limitaciones visibles.";"No prometer sentencias, plazos judiciales ni cancelación de deuda; revisión jurídica y humana obligatoria. | No abrir una segunda vía para ocultar fallos del primer funnel."
"Toldos y protección solar";"Siguiente";"A";"Conseguir la cuenta";"RedVitalia → empresa";"Cuenta fundadora: un piloto monoproducto orientado a visita técnica y venta";"79";"La primera venta es el sistema de RedVitalia a la empresa. Se entra con un diagnóstico específico, no con una presentación genérica de agencia.";"Instaladores de pérgolas, cerramientos o toldos premium con obras reales, radio definido y capacidad de visita.";"Buen producto visual y ticket defendible, pero catálogo genérico, respuesta lenta o mezcla con reparaciones de bajo valor.";"Revisión de producto prioritario, ticket mínimo, radio, material visual, velocidad de visita y presupuesto.";"Teléfono | Email | LinkedIn | Referencia";"Lista con señal verificable → Apertura sectorial → Diagnóstico con decisor → Economía y capacidad → Piloto condicionado";"Diagnósticos B2B celebrados con decisor, datos y siguiente decisión.";"Avanzar solo cuando dolor, capacidad, economía, medición y decisor alcanzan el umbral del closer.";"Lista de cuentas con fuente | Guion por señal | Diagnóstico y scorecard | Plan de piloto con dependencias";"Existe una prioridad concreta y no solo curiosidad. | Hay capacidad operativa y responsable comercial. | Acepta medir visita asistida, presupuesto emitido, venta y margen.";"Obras propias autorizadas, fechas de presupuesto y ventas devueltas al sistema. | Notas que separan dato, hipótesis y pendiente de confirmar.";"No usar obras ajenas, rangos inventados ni disponibilidad ficticia; separar reparación y producto premium. | No inventar clientes, resultados, precios ni personalización."
"Toldos y protección solar";"Siguiente";"B";"Capturar intención";"Empresa → oportunidad";"Proyecto premium por producto y municipio";"84";"Búsquedas de pérgola bioclimática, cerramiento o motorización con intención de instalación, no de bricolaje.";"Personas o empresas que ya expresan el problema y buscan resolverlo ahora.";"Señal de entrada: Propiedad, zona, medidas, uso del espacio, rango de inversión, plazo y disponibilidad de visita.";"Captación y cualificación hasta visita asistida, presupuesto emitido, venta y margen.";"Google Search | Meta visual";"Intención específica → Anuncio por problema → Landing y filtro → Respuesta dentro del SLA → Resultado offline";"visita asistida, presupuesto emitido, venta y margen";"Escalar únicamente cuando la conversión final y la capacidad sostienen la economía; el volumen de formularios no decide.";"Mapa de términos y negativas | Landing específica | Formulario de cualificación | Importación del resultado final";"Propiedad, zona, medidas, uso del espacio, rango de inversión, plazo y disponibilidad de visita. | Zona, capacidad y exclusiones aplicadas antes de optimizar. | Consentimiento y dato de contacto válidos.";"Obras propias autorizadas, fechas de presupuesto y ventas devueltas al sistema. | Consultas, llamadas y resultados trazados por campaña y término.";"No usar obras ajenas, rangos inventados ni disponibilidad ficticia; separar reparación y producto premium. | No escalar por CPL si cae la calidad o la contribución."
"Toldos y protección solar";"Siguiente";"C";"Crear demanda";"Mercado → interés";"Inspiración que termina en proyecto";"84";"Convertir obras reales en deseo, explicar decisiones técnicas y conducir a una valoración, no a un catálogo vacío.";"Mercado relevante que reconoce parte del problema, pero aún no ha decidido actuar o comparar proveedores.";"Interacción con contenido útil, prueba autorizada o explicación del proceso.";"Educación y prueba que conducen a una conversación cualificada sobre un piloto monoproducto orientado a visita técnica y venta.";"Meta Ads | vídeo corto propuesto | contenido | remarketing";"Problema reconocible → Contenido o caso → Interacción de calidad → Remarketing por objeción → Conversación cualificada";"Conversaciones cualificadas asistidas por contenido, no clics ni reproducciones aisladas.";"Mantener si incrementa conversación válida o reduce fricción sin degradar la economía de la ruta de intención.";"Casos autorizados por producto y zona, secuencia antes/después, materiales y explicación de la visita técnica. | Matriz de objeciones | Secuencia de remarketing | Prueba y permisos documentados";"La pieza corresponde a un subsegmento prioritario. | La acción final exige los mismos filtros que la ruta de intención. | La frecuencia y la exclusión se revisan por audiencia.";"Patrones creativos clasificados como copiar, adaptar, probar o descartar. | Obras propias autorizadas, fechas de presupuesto y ventas devueltas al sistema.";"No usar obras ajenas, rangos inventados ni disponibilidad ficticia; separar reparación y producto premium. | No convertir una hipótesis creativa en un caso o testimonio ficticio."
"Toldos y protección solar";"Siguiente";"D";"Expandir la cuenta";"Resultado → crecimiento";"Escalar producto × municipio";"78";"Abrir nuevas combinaciones únicamente cuando visita, presupuesto, venta y margen estén conectados.";"Cuenta activa con capacidad, disciplina de datos y una primera combinación ya validada.";"Existe señal estable de visita asistida, presupuesto emitido, venta y margen y la operación cumple el SLA.";"Revisión de crecimiento basada en contribución, saturación, capacidad y aprendizaje transferible.";"Revisión mensual | experimentos | nueva zona | nuevo subsegmento";"Resultado offline → Cohorte por origen → Cuello de botella → Experimento limitado → Escala o rollback";"Contribución incremental con SLA y calidad estables.";"Escalar una combinación cada vez; pausar si empeoran margen, calidad, capacidad o trazabilidad.";"Dashboard de resultado final | Informe win/loss | Backlog de experimentos | Plan mutuo de expansión";"La primera ruta deja contribución defendible. | La empresa mantiene capacidad y velocidad de respuesta. | Existe una sola variable de expansión y un rollback claro.";"Obras propias autorizadas, fechas de presupuesto y ventas devueltas al sistema. | Comparación antes/después con ventana, fuente y limitaciones visibles.";"No usar obras ajenas, rangos inventados ni disponibilidad ficticia; separar reparación y producto premium. | No abrir una segunda vía para ocultar fallos del primer funnel."
"Compra de coches con cargas";"Siguiente";"A";"Conseguir la cuenta";"RedVitalia → empresa";"Cuenta fundadora: un sistema por problema del vehículo con tasación y señal económica offline";"90";"La primera venta es el sistema de RedVitalia a la empresa. Se entra con un diagnóstico específico, no con una presentación genérica de agencia.";"Compradores profesionales con caja, logística, tasación rápida y criterios escritos para vehículos complejos.";"Aceptan averías, siniestros o cargas, pero comunican una compra genérica y no devuelven margen por operación.";"Mapa de aceptación, documentación, tiempo de oferta, cobertura logística, caja y margen por compra.";"Teléfono | Email | LinkedIn | Referencia";"Lista con señal verificable → Apertura sectorial → Diagnóstico con decisor → Economía y capacidad → Piloto condicionado";"Diagnósticos B2B celebrados con decisor, datos y siguiente decisión.";"Avanzar solo cuando dolor, capacidad, economía, medición y decisor alcanzan el umbral del closer.";"Lista de cuentas con fuente | Guion por señal | Diagnóstico y scorecard | Plan de piloto con dependencias";"Existe una prioridad concreta y no solo curiosidad. | Hay capacidad operativa y responsable comercial. | Acepta medir vehículo valorable, oferta aceptada, recogida y margen.";"Compra y margen importados por origen, junto con tiempos reales de tasación y recogida. | Notas que separan dato, hipótesis y pendiente de confirmar.";"No garantizar valoración, cancelación de cargas ni recogida sin revisar documentación, zona y capacidad. | No inventar clientes, resultados, precios ni personalización."
"Compra de coches con cargas";"Siguiente";"B";"Capturar intención";"Empresa → oportunidad";"Una landing por problema del vehículo";"89";"Separar avería, siniestro, reserva de dominio, embargo y financiación pendiente para no perder intención específica.";"Personas o empresas que ya expresan el problema y buscan resolverlo ahora.";"Señal de entrada: Titularidad, vehículo, estado, carga, ubicación, documentación, fotos, urgencia y expectativa.";"Captación y cualificación hasta vehículo valorable, oferta aceptada, recogida y margen.";"Google Search | remarketing de decisión";"Intención específica → Anuncio por problema → Landing y filtro → Respuesta dentro del SLA → Resultado offline";"vehículo valorable, oferta aceptada, recogida y margen";"Escalar únicamente cuando la conversión final y la capacidad sostienen la economía; el volumen de formularios no decide.";"Mapa de términos y negativas | Landing específica | Formulario de cualificación | Importación del resultado final";"Titularidad, vehículo, estado, carga, ubicación, documentación, fotos, urgencia y expectativa. | Zona, capacidad y exclusiones aplicadas antes de optimizar. | Consentimiento y dato de contacto válidos.";"Compra y margen importados por origen, junto con tiempos reales de tasación y recogida. | Consultas, llamadas y resultados trazados por campaña y término.";"No garantizar valoración, cancelación de cargas ni recogida sin revisar documentación, zona y capacidad. | No escalar por CPL si cae la calidad o la contribución."
"Compra de coches con cargas";"Siguiente";"C";"Crear demanda";"Mercado → interés";"Resolver incertidumbre antes de tasar";"82";"Explicar opciones reales, documentación y proceso para captar a quien todavía no sabe si puede vender.";"Mercado relevante que reconoce parte del problema, pero aún no ha decidido actuar o comparar proveedores.";"Interacción con contenido útil, prueba autorizada o explicación del proceso.";"Educación y prueba que conducen a una conversación cualificada sobre un sistema por problema del vehículo con tasación y señal económica offline.";"Meta Ads | vídeo corto propuesto | contenido | remarketing";"Problema reconocible → Contenido o caso → Interacción de calidad → Remarketing por objeción → Conversación cualificada";"Conversaciones cualificadas asistidas por contenido, no clics ni reproducciones aisladas.";"Mantener si incrementa conversación válida o reduce fricción sin degradar la economía de la ruta de intención.";"Árbol de situaciones, checklist documental, contenido de proceso y ejemplos solo cuando sean verificables. | Matriz de objeciones | Secuencia de remarketing | Prueba y permisos documentados";"La pieza corresponde a un subsegmento prioritario. | La acción final exige los mismos filtros que la ruta de intención. | La frecuencia y la exclusión se revisan por audiencia.";"Patrones creativos clasificados como copiar, adaptar, probar o descartar. | Compra y margen importados por origen, junto con tiempos reales de tasación y recogida.";"No garantizar valoración, cancelación de cargas ni recogida sin revisar documentación, zona y capacidad. | No convertir una hipótesis creativa en un caso o testimonio ficticio."
"Compra de coches con cargas";"Siguiente";"D";"Expandir la cuenta";"Resultado → crecimiento";"Escalar problema × provincia × margen";"89";"Mover presupuesto hacia combinaciones que producen compra y margen neto, aunque el CPL sea más alto.";"Cuenta activa con capacidad, disciplina de datos y una primera combinación ya validada.";"Existe señal estable de vehículo valorable, oferta aceptada, recogida y margen y la operación cumple el SLA.";"Revisión de crecimiento basada en contribución, saturación, capacidad y aprendizaje transferible.";"Revisión mensual | experimentos | nueva zona | nuevo subsegmento";"Resultado offline → Cohorte por origen → Cuello de botella → Experimento limitado → Escala o rollback";"Contribución incremental con SLA y calidad estables.";"Escalar una combinación cada vez; pausar si empeoran margen, calidad, capacidad o trazabilidad.";"Dashboard de resultado final | Informe win/loss | Backlog de experimentos | Plan mutuo de expansión";"La primera ruta deja contribución defendible. | La empresa mantiene capacidad y velocidad de respuesta. | Existe una sola variable de expansión y un rollback claro.";"Compra y margen importados por origen, junto con tiempos reales de tasación y recogida. | Comparación antes/después con ventana, fuente y limitaciones visibles.";"No garantizar valoración, cancelación de cargas ni recogida sin revisar documentación, zona y capacidad. | No abrir una segunda vía para ocultar fallos del primer funnel."
"Clínicas estéticas";"Siguiente";"A";"Conseguir la cuenta";"RedVitalia → empresa";"Cuenta fundadora: un piloto por tratamiento que mida valoración asistida y venta";"73";"La primera venta es el sistema de RedVitalia a la empresa. Se entra con un diagnóstico específico, no con una presentación genérica de agencia.";"Clínicas con tratamiento de alto valor, coordinador comercial, agenda disponible y casos autorizados.";"Invierten en visibilidad, pero mezclan tratamientos, optimizan a lead barato o pierden la cita en recepción.";"Revisión de tratamiento, huecos, coordinador, seguimiento, financiación, prueba y registro de ingresos.";"Teléfono | Email | LinkedIn | Referencia";"Lista con señal verificable → Apertura sectorial → Diagnóstico con decisor → Economía y capacidad → Piloto condicionado";"Diagnósticos B2B celebrados con decisor, datos y siguiente decisión.";"Avanzar solo cuando dolor, capacidad, economía, medición y decisor alcanzan el umbral del closer.";"Lista de cuentas con fuente | Guion por señal | Diagnóstico y scorecard | Plan de piloto con dependencias";"Existe una prioridad concreta y no solo curiosidad. | Hay capacidad operativa y responsable comercial. | Acepta medir valoración asistida, tratamiento vendido e ingreso.";"Agenda, asistencia, presupuesto y tratamiento vendido devueltos por campaña y creatividad. | Notas que separan dato, hipótesis y pendiente de confirmar.";"No diagnosticar, señalar defectos personales ni garantizar resultados; revisión clínica y publicitaria obligatoria. | No inventar clientes, resultados, precios ni personalización."
"Clínicas estéticas";"Siguiente";"B";"Capturar intención";"Empresa → oportunidad";"Tratamiento único con intención alta";"80";"Búsquedas de injerto, tratamiento facial o corporal concreto conectadas a valoración y venta, no a formulario genérico.";"Personas o empresas que ya expresan el problema y buscan resolverlo ahora.";"Señal de entrada: Tratamiento, motivación, zona, plazo, disponibilidad, rango económico y aceptación de valoración clínica.";"Captación y cualificación hasta valoración asistida, tratamiento vendido e ingreso.";"Google Search | Meta Ads";"Intención específica → Anuncio por problema → Landing y filtro → Respuesta dentro del SLA → Resultado offline";"valoración asistida, tratamiento vendido e ingreso";"Escalar únicamente cuando la conversión final y la capacidad sostienen la economía; el volumen de formularios no decide.";"Mapa de términos y negativas | Landing específica | Formulario de cualificación | Importación del resultado final";"Tratamiento, motivación, zona, plazo, disponibilidad, rango económico y aceptación de valoración clínica. | Zona, capacidad y exclusiones aplicadas antes de optimizar. | Consentimiento y dato de contacto válidos.";"Agenda, asistencia, presupuesto y tratamiento vendido devueltos por campaña y creatividad. | Consultas, llamadas y resultados trazados por campaña y término.";"No diagnosticar, señalar defectos personales ni garantizar resultados; revisión clínica y publicitaria obligatoria. | No escalar por CPL si cae la calidad o la contribución."
"Clínicas estéticas";"Siguiente";"C";"Crear demanda";"Mercado → interés";"Educación visual sin explotar inseguridad";"78";"Resolver dudas de proceso, profesional, recuperación y financiación con comunicación clínica aprobada.";"Mercado relevante que reconoce parte del problema, pero aún no ha decidido actuar o comparar proveedores.";"Interacción con contenido útil, prueba autorizada o explicación del proceso.";"Educación y prueba que conducen a una conversación cualificada sobre un piloto por tratamiento que mida valoración asistida y venta.";"Meta Ads | vídeo corto propuesto | contenido | remarketing";"Problema reconocible → Contenido o caso → Interacción de calidad → Remarketing por objeción → Conversación cualificada";"Conversaciones cualificadas asistidas por contenido, no clics ni reproducciones aisladas.";"Mantener si incrementa conversación válida o reduce fricción sin degradar la economía de la ruta de intención.";"Profesional real, instalaciones, explicación del proceso y casos con permiso expreso y contexto suficiente. | Matriz de objeciones | Secuencia de remarketing | Prueba y permisos documentados";"La pieza corresponde a un subsegmento prioritario. | La acción final exige los mismos filtros que la ruta de intención. | La frecuencia y la exclusión se revisan por audiencia.";"Patrones creativos clasificados como copiar, adaptar, probar o descartar. | Agenda, asistencia, presupuesto y tratamiento vendido devueltos por campaña y creatividad.";"No diagnosticar, señalar defectos personales ni garantizar resultados; revisión clínica y publicitaria obligatoria. | No convertir una hipótesis creativa en un caso o testimonio ficticio."
"Clínicas estéticas";"Siguiente";"D";"Expandir la cuenta";"Resultado → crecimiento";"Expandir por tratamiento rentable";"82";"Abrir un segundo tratamiento o zona solo después de estabilizar show, cierre y contribución del primero.";"Cuenta activa con capacidad, disciplina de datos y una primera combinación ya validada.";"Existe señal estable de valoración asistida, tratamiento vendido e ingreso y la operación cumple el SLA.";"Revisión de crecimiento basada en contribución, saturación, capacidad y aprendizaje transferible.";"Revisión mensual | experimentos | nueva zona | nuevo subsegmento";"Resultado offline → Cohorte por origen → Cuello de botella → Experimento limitado → Escala o rollback";"Contribución incremental con SLA y calidad estables.";"Escalar una combinación cada vez; pausar si empeoran margen, calidad, capacidad o trazabilidad.";"Dashboard de resultado final | Informe win/loss | Backlog de experimentos | Plan mutuo de expansión";"La primera ruta deja contribución defendible. | La empresa mantiene capacidad y velocidad de respuesta. | Existe una sola variable de expansión y un rollback claro.";"Agenda, asistencia, presupuesto y tratamiento vendido devueltos por campaña y creatividad. | Comparación antes/después con ventana, fuente y limitaciones visibles.";"No diagnosticar, señalar defectos personales ni garantizar resultados; revisión clínica y publicitaria obligatoria. | No abrir una segunda vía para ocultar fallos del primer funnel."
"Climatización y aerotermia";"Validar";"A";"Conseguir la cuenta";"RedVitalia → empresa";"Cuenta fundadora: un sistema por servicio y franja conectado a capacidad técnica";"81";"La primera venta es el sistema de RedVitalia a la empresa. Se entra con un diagnóstico específico, no con una presentación genérica de agencia.";"Instaladores con servicios y tickets definidos, agenda técnica visible y atención inmediata de llamadas.";"Existe demanda, pero urgencias, reparación, instalación y aerotermia compiten por el mismo presupuesto y teléfono.";"Revisión de llamadas perdidas, zonas, horario, ticket mínimo, disponibilidad, visita y valor del trabajo.";"Teléfono | Email | LinkedIn | Referencia";"Lista con señal verificable → Apertura sectorial → Diagnóstico con decisor → Economía y capacidad → Piloto condicionado";"Diagnósticos B2B celebrados con decisor, datos y siguiente decisión.";"Avanzar solo cuando dolor, capacidad, economía, medición y decisor alcanzan el umbral del closer.";"Lista de cuentas con fuente | Guion por señal | Diagnóstico y scorecard | Plan de piloto con dependencias";"Existe una prioridad concreta y no solo curiosidad. | Hay capacidad operativa y responsable comercial. | Acepta medir llamada válida, visita, presupuesto, trabajo ganado y valor.";"Grabación y clasificación de llamadas, agenda técnica y valor final del trabajo. | Notas que separan dato, hipótesis y pendiente de confirmar.";"No anunciar atención, ahorro, subvención o instalación inmediata si la operación no puede sostenerlo. | No inventar clientes, resultados, precios ni personalización."
"Climatización y aerotermia";"Validar";"B";"Capturar intención";"Empresa → oportunidad";"Urgencia y proyecto en funnels distintos";"90";"Llamada directa para urgencia; landing cualificada para instalación, sustitución o aerotermia.";"Personas o empresas que ya expresan el problema y buscan resolverlo ahora.";"Señal de entrada: Servicio, inmueble, metros, equipo, avería, zona, plazo, propietario y disponibilidad de visita.";"Captación y cualificación hasta llamada válida, visita, presupuesto, trabajo ganado y valor.";"Google Search | campañas de llamada";"Intención específica → Anuncio por problema → Landing y filtro → Respuesta dentro del SLA → Resultado offline";"llamada válida, visita, presupuesto, trabajo ganado y valor";"Escalar únicamente cuando la conversión final y la capacidad sostienen la economía; el volumen de formularios no decide.";"Mapa de términos y negativas | Landing específica | Formulario de cualificación | Importación del resultado final";"Servicio, inmueble, metros, equipo, avería, zona, plazo, propietario y disponibilidad de visita. | Zona, capacidad y exclusiones aplicadas antes de optimizar. | Consentimiento y dato de contacto válidos.";"Grabación y clasificación de llamadas, agenda técnica y valor final del trabajo. | Consultas, llamadas y resultados trazados por campaña y término.";"No anunciar atención, ahorro, subvención o instalación inmediata si la operación no puede sostenerlo. | No escalar por CPL si cae la calidad o la contribución."
"Climatización y aerotermia";"Validar";"C";"Crear demanda";"Mercado → interés";"Pretemporada y decisión energética";"84";"Crear demanda antes del pico con sustitución, eficiencia y planificación, sin depender solo de averías.";"Mercado relevante que reconoce parte del problema, pero aún no ha decidido actuar o comparar proveedores.";"Interacción con contenido útil, prueba autorizada o explicación del proceso.";"Educación y prueba que conducen a una conversación cualificada sobre un sistema por servicio y franja conectado a capacidad técnica.";"Meta Ads | vídeo corto propuesto | contenido | remarketing";"Problema reconocible → Contenido o caso → Interacción de calidad → Remarketing por objeción → Conversación cualificada";"Conversaciones cualificadas asistidas por contenido, no clics ni reproducciones aisladas.";"Mantener si incrementa conversación válida o reduce fricción sin degradar la economía de la ruta de intención.";"Comparativas técnicas revisadas, proceso de visita, explicación de consumo y trabajos reales autorizados. | Matriz de objeciones | Secuencia de remarketing | Prueba y permisos documentados";"La pieza corresponde a un subsegmento prioritario. | La acción final exige los mismos filtros que la ruta de intención. | La frecuencia y la exclusión se revisan por audiencia.";"Patrones creativos clasificados como copiar, adaptar, probar o descartar. | Grabación y clasificación de llamadas, agenda técnica y valor final del trabajo.";"No anunciar atención, ahorro, subvención o instalación inmediata si la operación no puede sostenerlo. | No convertir una hipótesis creativa en un caso o testimonio ficticio."
"Climatización y aerotermia";"Validar";"D";"Expandir la cuenta";"Resultado → crecimiento";"Escalar servicio × franja × capacidad";"79";"Activar o pausar combinaciones según técnicos, llamadas atendidas, trabajo ganado y margen.";"Cuenta activa con capacidad, disciplina de datos y una primera combinación ya validada.";"Existe señal estable de llamada válida, visita, presupuesto, trabajo ganado y valor y la operación cumple el SLA.";"Revisión de crecimiento basada en contribución, saturación, capacidad y aprendizaje transferible.";"Revisión mensual | experimentos | nueva zona | nuevo subsegmento";"Resultado offline → Cohorte por origen → Cuello de botella → Experimento limitado → Escala o rollback";"Contribución incremental con SLA y calidad estables.";"Escalar una combinación cada vez; pausar si empeoran margen, calidad, capacidad o trazabilidad.";"Dashboard de resultado final | Informe win/loss | Backlog de experimentos | Plan mutuo de expansión";"La primera ruta deja contribución defendible. | La empresa mantiene capacidad y velocidad de respuesta. | Existe una sola variable de expansión y un rollback claro.";"Grabación y clasificación de llamadas, agenda técnica y valor final del trabajo. | Comparación antes/después con ventana, fuente y limitaciones visibles.";"No anunciar atención, ahorro, subvención o instalación inmediata si la operación no puede sostenerlo. | No abrir una segunda vía para ocultar fallos del primer funnel."
"Reformas integrales";"Validar";"A";"Conseguir la cuenta";"RedVitalia → empresa";"Cuenta fundadora: un piloto por tipología de obra con filtro económico y seguimiento";"76";"La primera venta es el sistema de RedVitalia a la empresa. Se entra con un diagnóstico específico, no con una presentación genérica de agencia.";"Empresas de reforma integral o cocina premium con portfolio propio, ticket mínimo y disciplina de presupuesto.";"Tienen buenos trabajos, pero captan proyectos pequeños, tardan en presupuestar o no siguen decisiones largas.";"Revisión de zona, tipología, ticket, portfolio, capacidad de visita, plazo de presupuesto y margen de obra.";"Teléfono | Email | LinkedIn | Referencia";"Lista con señal verificable → Apertura sectorial → Diagnóstico con decisor → Economía y capacidad → Piloto condicionado";"Diagnósticos B2B celebrados con decisor, datos y siguiente decisión.";"Avanzar solo cuando dolor, capacidad, economía, medición y decisor alcanzan el umbral del closer.";"Lista de cuentas con fuente | Guion por señal | Diagnóstico y scorecard | Plan de piloto con dependencias";"Existe una prioridad concreta y no solo curiosidad. | Hay capacidad operativa y responsable comercial. | Acepta medir proyecto cualificado, visita, presupuesto, obra ganada y margen.";"Portfolio propio, fecha real de presupuesto, causa de pérdida y margen por obra. | Notas que separan dato, hipótesis y pendiente de confirmar.";"No usar obras ajenas ni prometer precio o plazo sin alcance; el presupuesto mínimo debe ser real. | No inventar clientes, resultados, precios ni personalización."
"Reformas integrales";"Validar";"B";"Capturar intención";"Empresa → oportunidad";"Microvertical con presupuesto mínimo";"77";"Reforma integral, cocina o rehabilitación separadas para filtrar alcance, propiedad y capacidad económica.";"Personas o empresas que ya expresan el problema y buscan resolverlo ahora.";"Señal de entrada: Propiedad, zona, metros, alcance, presupuesto, fecha, decisores y disponibilidad de visita.";"Captación y cualificación hasta proyecto cualificado, visita, presupuesto, obra ganada y margen.";"Google Search | Meta casos reales";"Intención específica → Anuncio por problema → Landing y filtro → Respuesta dentro del SLA → Resultado offline";"proyecto cualificado, visita, presupuesto, obra ganada y margen";"Escalar únicamente cuando la conversión final y la capacidad sostienen la economía; el volumen de formularios no decide.";"Mapa de términos y negativas | Landing específica | Formulario de cualificación | Importación del resultado final";"Propiedad, zona, metros, alcance, presupuesto, fecha, decisores y disponibilidad de visita. | Zona, capacidad y exclusiones aplicadas antes de optimizar. | Consentimiento y dato de contacto válidos.";"Portfolio propio, fecha real de presupuesto, causa de pérdida y margen por obra. | Consultas, llamadas y resultados trazados por campaña y término.";"No usar obras ajenas ni prometer precio o plazo sin alcance; el presupuesto mínimo debe ser real. | No escalar por CPL si cae la calidad o la contribución."
"Reformas integrales";"Validar";"C";"Crear demanda";"Mercado → interés";"Caso real, proceso y confianza";"86";"Mostrar cómo se planifica y ejecuta una obra para madurar al propietario antes de pedir visita.";"Mercado relevante que reconoce parte del problema, pero aún no ha decidido actuar o comparar proveedores.";"Interacción con contenido útil, prueba autorizada o explicación del proceso.";"Educación y prueba que conducen a una conversación cualificada sobre un piloto por tipología de obra con filtro económico y seguimiento.";"Meta Ads | vídeo corto propuesto | contenido | remarketing";"Problema reconocible → Contenido o caso → Interacción de calidad → Remarketing por objeción → Conversación cualificada";"Conversaciones cualificadas asistidas por contenido, no clics ni reproducciones aisladas.";"Mantener si incrementa conversación válida o reduce fricción sin degradar la economía de la ruta de intención.";"Obras propias autorizadas, diario de proyecto, materiales, equipo, plazo contextualizado y reseñas verificables. | Matriz de objeciones | Secuencia de remarketing | Prueba y permisos documentados";"La pieza corresponde a un subsegmento prioritario. | La acción final exige los mismos filtros que la ruta de intención. | La frecuencia y la exclusión se revisan por audiencia.";"Patrones creativos clasificados como copiar, adaptar, probar o descartar. | Portfolio propio, fecha real de presupuesto, causa de pérdida y margen por obra.";"No usar obras ajenas ni prometer precio o plazo sin alcance; el presupuesto mínimo debe ser real. | No convertir una hipótesis creativa en un caso o testimonio ficticio."
"Reformas integrales";"Validar";"D";"Expandir la cuenta";"Resultado → crecimiento";"Escalar tipología × zona con seguimiento";"76";"Crecer donde visita, presupuesto, seguimiento, obra y margen sean medibles durante un ciclo largo.";"Cuenta activa con capacidad, disciplina de datos y una primera combinación ya validada.";"Existe señal estable de proyecto cualificado, visita, presupuesto, obra ganada y margen y la operación cumple el SLA.";"Revisión de crecimiento basada en contribución, saturación, capacidad y aprendizaje transferible.";"Revisión mensual | experimentos | nueva zona | nuevo subsegmento";"Resultado offline → Cohorte por origen → Cuello de botella → Experimento limitado → Escala o rollback";"Contribución incremental con SLA y calidad estables.";"Escalar una combinación cada vez; pausar si empeoran margen, calidad, capacidad o trazabilidad.";"Dashboard de resultado final | Informe win/loss | Backlog de experimentos | Plan mutuo de expansión";"La primera ruta deja contribución defendible. | La empresa mantiene capacidad y velocidad de respuesta. | Existe una sola variable de expansión y un rollback claro.";"Portfolio propio, fecha real de presupuesto, causa de pérdida y margen por obra. | Comparación antes/después con ventana, fuente y limitaciones visibles.";"No usar obras ajenas ni prometer precio o plazo sin alcance; el presupuesto mínimo debe ser real. | No abrir una segunda vía para ocultar fallos del primer funnel."
"Clínicas dentales";"Validar";"A";"Conseguir la cuenta";"RedVitalia → empresa";"Cuenta fundadora: un piloto por tratamiento optimizado a plan aceptado";"72";"La primera venta es el sistema de RedVitalia a la empresa. Se entra con un diagnóstico específico, no con una presentación genérica de agencia.";"Clínicas con implantes, rehabilitación u ortodoncia, coordinador, financiación y capacidad de primeras visitas.";"Consiguen formularios, pero recepción, no-show y seguimiento del plan rompen la economía del tratamiento.";"Revisión de huecos, coordinador, llamada, financiación, show, presentación del plan y registro de ingreso.";"Teléfono | Email | LinkedIn | Referencia";"Lista con señal verificable → Apertura sectorial → Diagnóstico con decisor → Economía y capacidad → Piloto condicionado";"Diagnósticos B2B celebrados con decisor, datos y siguiente decisión.";"Avanzar solo cuando dolor, capacidad, economía, medición y decisor alcanzan el umbral del closer.";"Lista de cuentas con fuente | Guion por señal | Diagnóstico y scorecard | Plan de piloto con dependencias";"Existe una prioridad concreta y no solo curiosidad. | Hay capacidad operativa y responsable comercial. | Acepta medir primera visita asistida, plan presentado, plan aceptado e ingreso.";"Resultado desde lead hasta tratamiento aceptado, con causa de no-show y de no aceptación. | Notas que separan dato, hipótesis y pendiente de confirmar.";"No prometer resultados clínicos, diagnosticar ni explotar atributos personales; revisión sanitaria obligatoria. | No inventar clientes, resultados, precios ni personalización."
"Clínicas dentales";"Validar";"B";"Capturar intención";"Empresa → oportunidad";"Intención clínica por tratamiento";"79";"Implantes, rehabilitación u ortodoncia con campañas, landings y expectativas separadas.";"Personas o empresas que ya expresan el problema y buscan resolverlo ahora.";"Señal de entrada: Tratamiento, situación, zona, plazo, financiación, disponibilidad y aceptación de primera visita.";"Captación y cualificación hasta primera visita asistida, plan presentado, plan aceptado e ingreso.";"Google Search | Meta educación";"Intención específica → Anuncio por problema → Landing y filtro → Respuesta dentro del SLA → Resultado offline";"primera visita asistida, plan presentado, plan aceptado e ingreso";"Escalar únicamente cuando la conversión final y la capacidad sostienen la economía; el volumen de formularios no decide.";"Mapa de términos y negativas | Landing específica | Formulario de cualificación | Importación del resultado final";"Tratamiento, situación, zona, plazo, financiación, disponibilidad y aceptación de primera visita. | Zona, capacidad y exclusiones aplicadas antes de optimizar. | Consentimiento y dato de contacto válidos.";"Resultado desde lead hasta tratamiento aceptado, con causa de no-show y de no aceptación. | Consultas, llamadas y resultados trazados por campaña y término.";"No prometer resultados clínicos, diagnosticar ni explotar atributos personales; revisión sanitaria obligatoria. | No escalar por CPL si cae la calidad o la contribución."
"Clínicas dentales";"Validar";"C";"Crear demanda";"Mercado → interés";"Educación clínica que reduce fricción";"77";"Explicar valoración, opciones y proceso con autoridad profesional antes de pedir una cita.";"Mercado relevante que reconoce parte del problema, pero aún no ha decidido actuar o comparar proveedores.";"Interacción con contenido útil, prueba autorizada o explicación del proceso.";"Educación y prueba que conducen a una conversación cualificada sobre un piloto por tratamiento optimizado a plan aceptado.";"Meta Ads | vídeo corto propuesto | contenido | remarketing";"Problema reconocible → Contenido o caso → Interacción de calidad → Remarketing por objeción → Conversación cualificada";"Conversaciones cualificadas asistidas por contenido, no clics ni reproducciones aisladas.";"Mantener si incrementa conversación válida o reduce fricción sin degradar la economía de la ruta de intención.";"Profesional, clínica, proceso, financiación y casos autorizados sin promesas ni diagnósticos publicitarios. | Matriz de objeciones | Secuencia de remarketing | Prueba y permisos documentados";"La pieza corresponde a un subsegmento prioritario. | La acción final exige los mismos filtros que la ruta de intención. | La frecuencia y la exclusión se revisan por audiencia.";"Patrones creativos clasificados como copiar, adaptar, probar o descartar. | Resultado desde lead hasta tratamiento aceptado, con causa de no-show y de no aceptación.";"No prometer resultados clínicos, diagnosticar ni explotar atributos personales; revisión sanitaria obligatoria. | No convertir una hipótesis creativa en un caso o testimonio ficticio."
"Clínicas dentales";"Validar";"D";"Expandir la cuenta";"Resultado → crecimiento";"Tratamiento rentable y reactivación";"82";"Estabilizar un tratamiento, recuperar planes abiertos y después abrir una segunda línea.";"Cuenta activa con capacidad, disciplina de datos y una primera combinación ya validada.";"Existe señal estable de primera visita asistida, plan presentado, plan aceptado e ingreso y la operación cumple el SLA.";"Revisión de crecimiento basada en contribución, saturación, capacidad y aprendizaje transferible.";"Revisión mensual | experimentos | nueva zona | nuevo subsegmento";"Resultado offline → Cohorte por origen → Cuello de botella → Experimento limitado → Escala o rollback";"Contribución incremental con SLA y calidad estables.";"Escalar una combinación cada vez; pausar si empeoran margen, calidad, capacidad o trazabilidad.";"Dashboard de resultado final | Informe win/loss | Backlog de experimentos | Plan mutuo de expansión";"La primera ruta deja contribución defendible. | La empresa mantiene capacidad y velocidad de respuesta. | Existe una sola variable de expansión y un rollback claro.";"Resultado desde lead hasta tratamiento aceptado, con causa de no-show y de no aceptación. | Comparación antes/después con ventana, fuente y limitaciones visibles.";"No prometer resultados clínicos, diagnosticar ni explotar atributos personales; revisión sanitaria obligatoria. | No abrir una segunda vía para ocultar fallos del primer funnel."
"Captación inmobiliaria";"Después";"A";"Conseguir la cuenta";"RedVitalia → empresa";"Cuenta fundadora: un sistema de captación de propietarios por motivo y horizonte";"65";"La primera venta es el sistema de RedVitalia a la empresa. Se entra con un diagnóstico específico, no con una presentación genérica de agencia.";"Agencias con zona defendible, propuesta para propietarios y proceso de valoración, nutrición y exclusiva.";"Compran leads o hacen marca general, pero mezclan propietario, comprador y curiosidad de valoración.";"Revisión de zona, titularidad, valoración, seguimiento, horizonte, exclusiva y comisión registrada.";"Teléfono | Email | LinkedIn | Referencia";"Lista con señal verificable → Apertura sectorial → Diagnóstico con decisor → Economía y capacidad → Piloto condicionado";"Diagnósticos B2B celebrados con decisor, datos y siguiente decisión.";"Avanzar solo cuando dolor, capacidad, economía, medición y decisor alcanzan el umbral del closer.";"Lista de cuentas con fuente | Guion por señal | Diagnóstico y scorecard | Plan de piloto con dependencias";"Existe una prioridad concreta y no solo curiosidad. | Hay capacidad operativa y responsable comercial. | Acepta medir propietario válido, valoración asistida, propuesta y exclusiva.";"Titularidad validada, horizonte, valoración, exclusiva y comisión devueltas por origen. | Notas que separan dato, hipótesis y pendiente de confirmar.";"No garantizar valoración, precio de venta, plazo ni exclusiva; separar propietario, comprador y alquiler. | No inventar clientes, resultados, precios ni personalización."
"Captación inmobiliaria";"Después";"B";"Capturar intención";"Empresa → oportunidad";"Propietario por motivo y plazo";"68";"Venta urgente, herencia o divorcio separadas de la valoración exploratoria y del comprador.";"Personas o empresas que ya expresan el problema y buscan resolverlo ahora.";"Señal de entrada: Titularidad, inmueble, zona, motivo, plazo, ocupación, cargas, expectativa y decisores.";"Captación y cualificación hasta propietario válido, valoración asistida, propuesta y exclusiva.";"Google Search | Meta hiperlocal";"Intención específica → Anuncio por problema → Landing y filtro → Respuesta dentro del SLA → Resultado offline";"propietario válido, valoración asistida, propuesta y exclusiva";"Escalar únicamente cuando la conversión final y la capacidad sostienen la economía; el volumen de formularios no decide.";"Mapa de términos y negativas | Landing específica | Formulario de cualificación | Importación del resultado final";"Titularidad, inmueble, zona, motivo, plazo, ocupación, cargas, expectativa y decisores. | Zona, capacidad y exclusiones aplicadas antes de optimizar. | Consentimiento y dato de contacto válidos.";"Titularidad validada, horizonte, valoración, exclusiva y comisión devueltas por origen. | Consultas, llamadas y resultados trazados por campaña y término.";"No garantizar valoración, precio de venta, plazo ni exclusiva; separar propietario, comprador y alquiler. | No escalar por CPL si cae la calidad o la contribución."
"Captación inmobiliaria";"Después";"C";"Crear demanda";"Mercado → interés";"Autoridad hiperlocal y maduración";"80";"Construir preferencia antes de vender con información real de zona, proceso y preparación del inmueble.";"Mercado relevante que reconoce parte del problema, pero aún no ha decidido actuar o comparar proveedores.";"Interacción con contenido útil, prueba autorizada o explicación del proceso.";"Educación y prueba que conducen a una conversación cualificada sobre un sistema de captación de propietarios por motivo y horizonte.";"Meta Ads | vídeo corto propuesto | contenido | remarketing";"Problema reconocible → Contenido o caso → Interacción de calidad → Remarketing por objeción → Conversación cualificada";"Conversaciones cualificadas asistidas por contenido, no clics ni reproducciones aisladas.";"Mantener si incrementa conversación válida o reduce fricción sin degradar la economía de la ruta de intención.";"Guías locales, proceso de valoración, preguntas de propietario y prueba verificable de la agencia. | Matriz de objeciones | Secuencia de remarketing | Prueba y permisos documentados";"La pieza corresponde a un subsegmento prioritario. | La acción final exige los mismos filtros que la ruta de intención. | La frecuencia y la exclusión se revisan por audiencia.";"Patrones creativos clasificados como copiar, adaptar, probar o descartar. | Titularidad validada, horizonte, valoración, exclusiva y comisión devueltas por origen.";"No garantizar valoración, precio de venta, plazo ni exclusiva; separar propietario, comprador y alquiler. | No convertir una hipótesis creativa en un caso o testimonio ficticio."
"Captación inmobiliaria";"Después";"D";"Expandir la cuenta";"Resultado → crecimiento";"Nutrición 30/90/180 y expansión local";"80";"Convertir plazos largos en pipeline y abrir otra zona solo con citas, valoraciones y exclusivas medibles.";"Cuenta activa con capacidad, disciplina de datos y una primera combinación ya validada.";"Existe señal estable de propietario válido, valoración asistida, propuesta y exclusiva y la operación cumple el SLA.";"Revisión de crecimiento basada en contribución, saturación, capacidad y aprendizaje transferible.";"Revisión mensual | experimentos | nueva zona | nuevo subsegmento";"Resultado offline → Cohorte por origen → Cuello de botella → Experimento limitado → Escala o rollback";"Contribución incremental con SLA y calidad estables.";"Escalar una combinación cada vez; pausar si empeoran margen, calidad, capacidad o trazabilidad.";"Dashboard de resultado final | Informe win/loss | Backlog de experimentos | Plan mutuo de expansión";"La primera ruta deja contribución defendible. | La empresa mantiene capacidad y velocidad de respuesta. | Existe una sola variable de expansión y un rollback claro.";"Titularidad validada, horizonte, valoración, exclusiva y comisión devueltas por origen. | Comparación antes/después con ventana, fuente y limitaciones visibles.";"No garantizar valoración, precio de venta, plazo ni exclusiva; separar propietario, comprador y alquiler. | No abrir una segunda vía para ocultar fallos del primer funnel."
"Centros auditivos y ortopedia";"Después";"A";"Conseguir la cuenta";"RedVitalia → empresa";"Cuenta fundadora: un piloto de ciudad y producto con cita asistida como señal";"72";"La primera venta es el sistema de RedVitalia a la empresa. Se entra con un diagnóstico específico, no con una presentación genérica de agencia.";"Centros auditivos con agenda, profesional, financiación y proceso que incorpora al familiar decisor.";"La demanda local es incierta o se mezcla audición con ortopedia y productos de economía muy distinta.";"Revisión de volumen local, producto, ticket, teléfono, agenda, cuidador y venta registrada.";"Teléfono | Email | LinkedIn | Referencia";"Lista con señal verificable → Apertura sectorial → Diagnóstico con decisor → Economía y capacidad → Piloto condicionado";"Diagnósticos B2B celebrados con decisor, datos y siguiente decisión.";"Avanzar solo cuando dolor, capacidad, economía, medición y decisor alcanzan el umbral del closer.";"Lista de cuentas con fuente | Guion por señal | Diagnóstico y scorecard | Plan de piloto con dependencias";"Existe una prioridad concreta y no solo curiosidad. | Hay capacidad operativa y responsable comercial. | Acepta medir necesidad validada, cita asistida, prueba o presupuesto y venta.";"Agenda, asistencia, decisión familiar, producto vendido y valor por ciudad. | Notas que separan dato, hipótesis y pendiente de confirmar.";"No diagnosticar ni prometer mejora médica; audición y ortopedia no comparten funnel. | No inventar clientes, resultados, precios ni personalización."
"Centros auditivos y ortopedia";"Después";"B";"Capturar intención";"Empresa → oportunidad";"Ciudad única y necesidad concreta";"73";"Prueba auditiva y audífonos separados de movilidad, camas y productos pequeños.";"Personas o empresas que ya expresan el problema y buscan resolverlo ahora.";"Señal de entrada: Necesidad, usuario, zona, producto, acompañante, financiación y disponibilidad de cita o visita.";"Captación y cualificación hasta necesidad validada, cita asistida, prueba o presupuesto y venta.";"Google Search | llamada visible";"Intención específica → Anuncio por problema → Landing y filtro → Respuesta dentro del SLA → Resultado offline";"necesidad validada, cita asistida, prueba o presupuesto y venta";"Escalar únicamente cuando la conversión final y la capacidad sostienen la economía; el volumen de formularios no decide.";"Mapa de términos y negativas | Landing específica | Formulario de cualificación | Importación del resultado final";"Necesidad, usuario, zona, producto, acompañante, financiación y disponibilidad de cita o visita. | Zona, capacidad y exclusiones aplicadas antes de optimizar. | Consentimiento y dato de contacto válidos.";"Agenda, asistencia, decisión familiar, producto vendido y valor por ciudad. | Consultas, llamadas y resultados trazados por campaña y término.";"No diagnosticar ni prometer mejora médica; audición y ortopedia no comparten funnel. | No escalar por CPL si cae la calidad o la contribución."
"Centros auditivos y ortopedia";"Después";"C";"Crear demanda";"Mercado → interés";"Mensaje al cuidador y a la familia";"70";"Explicar acompañamiento, prueba y adaptación al decisor que ayuda al usuario a actuar.";"Mercado relevante que reconoce parte del problema, pero aún no ha decidido actuar o comparar proveedores.";"Interacción con contenido útil, prueba autorizada o explicación del proceso.";"Educación y prueba que conducen a una conversación cualificada sobre un piloto de ciudad y producto con cita asistida como señal.";"Meta Ads | vídeo corto propuesto | contenido | remarketing";"Problema reconocible → Contenido o caso → Interacción de calidad → Remarketing por objeción → Conversación cualificada";"Conversaciones cualificadas asistidas por contenido, no clics ni reproducciones aisladas.";"Mantener si incrementa conversación válida o reduce fricción sin degradar la economía de la ruta de intención.";"Profesional real, proceso de prueba, adaptación, financiación y piezas accesibles para usuario y cuidador. | Matriz de objeciones | Secuencia de remarketing | Prueba y permisos documentados";"La pieza corresponde a un subsegmento prioritario. | La acción final exige los mismos filtros que la ruta de intención. | La frecuencia y la exclusión se revisan por audiencia.";"Patrones creativos clasificados como copiar, adaptar, probar o descartar. | Agenda, asistencia, decisión familiar, producto vendido y valor por ciudad.";"No diagnosticar ni prometer mejora médica; audición y ortopedia no comparten funnel. | No convertir una hipótesis creativa en un caso o testimonio ficticio."
"Centros auditivos y ortopedia";"Después";"D";"Expandir la cuenta";"Resultado → crecimiento";"Validar ciudad antes de replicar";"67";"Abrir producto o ciudad solo cuando exista volumen suficiente, cita asistida y margen comprobado.";"Cuenta activa con capacidad, disciplina de datos y una primera combinación ya validada.";"Existe señal estable de necesidad validada, cita asistida, prueba o presupuesto y venta y la operación cumple el SLA.";"Revisión de crecimiento basada en contribución, saturación, capacidad y aprendizaje transferible.";"Revisión mensual | experimentos | nueva zona | nuevo subsegmento";"Resultado offline → Cohorte por origen → Cuello de botella → Experimento limitado → Escala o rollback";"Contribución incremental con SLA y calidad estables.";"Escalar una combinación cada vez; pausar si empeoran margen, calidad, capacidad o trazabilidad.";"Dashboard de resultado final | Informe win/loss | Backlog de experimentos | Plan mutuo de expansión";"La primera ruta deja contribución defendible. | La empresa mantiene capacidad y velocidad de respuesta. | Existe una sola variable de expansión y un rollback claro.";"Agenda, asistencia, decisión familiar, producto vendido y valor por ciudad. | Comparación antes/después con ventana, fuente y limitaciones visibles.";"No diagnosticar ni prometer mejora médica; audición y ortopedia no comparten funnel. | No abrir una segunda vía para ocultar fallos del primer funnel."
"Mudanzas, contenedores y guardamuebles";"Después";"A";"Conseguir la cuenta";"RedVitalia → empresa";"Cuenta fundadora: un sistema por servicio, fecha y zona conectado a disponibilidad";"82";"La primera venta es el sistema de RedVitalia a la empresa. Se entra con un diagnóstico específico, no con una presentación genérica de agencia.";"Empresas de mudanza, contenedor o guardamuebles con mínimos, zonas, capacidad y presupuesto rápido.";"Tienen volumen potencial, pero pequeños portes, fechas imposibles y capacidad cambiante destruyen el margen.";"Revisión de mínimos, radio, calendario, plantilla de presupuesto, tiempo de respuesta y valor de reserva.";"Teléfono | Email | LinkedIn | Referencia";"Lista con señal verificable → Apertura sectorial → Diagnóstico con decisor → Economía y capacidad → Piloto condicionado";"Diagnósticos B2B celebrados con decisor, datos y siguiente decisión.";"Avanzar solo cuando dolor, capacidad, economía, medición y decisor alcanzan el umbral del closer.";"Lista de cuentas con fuente | Guion por señal | Diagnóstico y scorecard | Plan de piloto con dependencias";"Existe una prioridad concreta y no solo curiosidad. | Hay capacidad operativa y responsable comercial. | Acepta medir solicitud válida, presupuesto, reserva pagada y valor del servicio.";"Tiempo a presupuesto, reserva, trabajo completado y valor por ruta y servicio. | Notas que separan dato, hipótesis y pendiente de confirmar.";"No prometer fecha, cobertura, precio o disponibilidad si el calendario operativo no está actualizado. | No inventar clientes, resultados, precios ni personalización."
"Mudanzas, contenedores y guardamuebles";"Después";"B";"Capturar intención";"Empresa → oportunidad";"Fecha, ruta y servicio como intención";"90";"Mudanza completa, contenedor y guardamuebles separados de empleo, alquiler o pequeño porte.";"Personas o empresas que ya expresan el problema y buscan resolverlo ahora.";"Señal de entrada: Origen, destino, fecha, volumen, plantas, accesos, permisos, duración y mínimo económico.";"Captación y cualificación hasta solicitud válida, presupuesto, reserva pagada y valor del servicio.";"Google Search | campañas por fecha";"Intención específica → Anuncio por problema → Landing y filtro → Respuesta dentro del SLA → Resultado offline";"solicitud válida, presupuesto, reserva pagada y valor del servicio";"Escalar únicamente cuando la conversión final y la capacidad sostienen la economía; el volumen de formularios no decide.";"Mapa de términos y negativas | Landing específica | Formulario de cualificación | Importación del resultado final";"Origen, destino, fecha, volumen, plantas, accesos, permisos, duración y mínimo económico. | Zona, capacidad y exclusiones aplicadas antes de optimizar. | Consentimiento y dato de contacto válidos.";"Tiempo a presupuesto, reserva, trabajo completado y valor por ruta y servicio. | Consultas, llamadas y resultados trazados por campaña y término.";"No prometer fecha, cobertura, precio o disponibilidad si el calendario operativo no está actualizado. | No escalar por CPL si cae la calidad o la contribución."
"Mudanzas, contenedores y guardamuebles";"Después";"C";"Crear demanda";"Mercado → interés";"Confianza operativa antes del presupuesto";"79";"Reducir incertidumbre mostrando preparación, cobertura, seguro, acceso y qué necesita la empresa para presupuestar.";"Mercado relevante que reconoce parte del problema, pero aún no ha decidido actuar o comparar proveedores.";"Interacción con contenido útil, prueba autorizada o explicación del proceso.";"Educación y prueba que conducen a una conversación cualificada sobre un sistema por servicio, fecha y zona conectado a disponibilidad.";"Meta Ads | vídeo corto propuesto | contenido | remarketing";"Problema reconocible → Contenido o caso → Interacción de calidad → Remarketing por objeción → Conversación cualificada";"Conversaciones cualificadas asistidas por contenido, no clics ni reproducciones aisladas.";"Mantener si incrementa conversación válida o reduce fricción sin degradar la economía de la ruta de intención.";"Checklist de mudanza, proceso de presupuesto, equipo propio verificable y explicación de incidencias comunes. | Matriz de objeciones | Secuencia de remarketing | Prueba y permisos documentados";"La pieza corresponde a un subsegmento prioritario. | La acción final exige los mismos filtros que la ruta de intención. | La frecuencia y la exclusión se revisan por audiencia.";"Patrones creativos clasificados como copiar, adaptar, probar o descartar. | Tiempo a presupuesto, reserva, trabajo completado y valor por ruta y servicio.";"No prometer fecha, cobertura, precio o disponibilidad si el calendario operativo no está actualizado. | No convertir una hipótesis creativa en un caso o testimonio ficticio."
"Mudanzas, contenedores y guardamuebles";"Después";"D";"Expandir la cuenta";"Resultado → crecimiento";"Escalar servicio × zona × capacidad";"74";"Aumentar cobertura únicamente donde respuesta, presupuesto, reserva y margen siguen dentro del estándar.";"Cuenta activa con capacidad, disciplina de datos y una primera combinación ya validada.";"Existe señal estable de solicitud válida, presupuesto, reserva pagada y valor del servicio y la operación cumple el SLA.";"Revisión de crecimiento basada en contribución, saturación, capacidad y aprendizaje transferible.";"Revisión mensual | experimentos | nueva zona | nuevo subsegmento";"Resultado offline → Cohorte por origen → Cuello de botella → Experimento limitado → Escala o rollback";"Contribución incremental con SLA y calidad estables.";"Escalar una combinación cada vez; pausar si empeoran margen, calidad, capacidad o trazabilidad.";"Dashboard de resultado final | Informe win/loss | Backlog de experimentos | Plan mutuo de expansión";"La primera ruta deja contribución defendible. | La empresa mantiene capacidad y velocidad de respuesta. | Existe una sola variable de expansión y un rollback claro.";"Tiempo a presupuesto, reserva, trabajo completado y valor por ruta y servicio. | Comparación antes/después con ventana, fuente y limitaciones visibles.";"No prometer fecha, cobertura, precio o disponibilidad si el calendario operativo no está actualizado. | No abrir una segunda vía para ocultar fallos del primer funnel."
